N_d,forward_seed,data_seed,p_bar,dli_lower,dli_upper,dli_width,bg_lower,bg_upper,bg_width,width_ratio,excess_width,upper_slack,lower_slack,hausdorff_gap,containment_violation,dli_iters,dli_converged_pos,dli_converged_neg,dli_elapsed_s
5,2,42,1.120510611815862,-0.6997261782453247,1.7021323756787967,2.4018585539241215,-0.7265927622264222,1.7358737862880165,2.462466548514439,1.0252337900961308,0.06060799459031729,0.03374141060921976,0.026866583981097536,0.03374141060921976,0.0,21,1,1,0.4486921719999373
5,2,123,1.120510611815862,-0.6971211490365643,1.6961102705624274,2.3932314195989917,-0.7318644895217179,1.730602058992721,2.462466548514439,1.0289295587332077,0.06923512891544714,0.034491788430293546,0.034743340485153595,0.034743340485153595,0.0,28,1,1,0.569766601000083
5,2,456,1.120510611815862,-0.6943573120600001,1.699098318172972,2.393455630232972,-0.724141896602896,1.7383246519115427,2.462466548514439,1.0288331721757256,0.06901091828146688,0.03922633373857076,0.029784584542895898,0.03922633373857076,0.0,33,1,1,0.6396549390001383
5,7,42,1.120510611815862,-0.7016115816453432,1.7092848373674403,2.4108964190127837,-0.7160693371461123,1.7240274511056426,2.440096788251755,1.0121118306903156,0.02920036923897129,0.014742613738202293,0.01445775550076911,0.014742613738202293,0.0,23,1,1,0.21092739000050642
5,7,123,1.120510611815862,-0.7021372791068096,1.710212128911723,2.4123494080185326,-0.7158946401859216,1.7242021480658332,2.440096788251755,1.0115022227464194,0.02774738023322243,0.013990019154110245,0.013757361079112074,0.013990019154110245,0.0,24,1,1,0.21684200199979387
5,7,456,1.120510611815862,-0.701307680708059,1.7088332977771858,2.410140978485245,-0.7161530624034047,1.72394372584835,2.440096788251755,1.0124290695166458,0.029955809766510022,0.01511042807116425,0.01484538169534566,0.01511042807116425,0.0,24,1,1,0.22135958099988784
5,13,42,1.120510611815862,-0.7128469387794785,1.6801281027223522,2.3929750415018307,-0.7379188946766093,1.7011651355238016,2.439084030200411,1.019268478734171,0.046108988698580156,0.021037032801449307,0.02507195589713085,0.02507195589713085,0.0,22,1,1,0.31655306599986943
5,13,123,1.120510611815862,-0.7151097785398067,1.689841961710151,2.404951740249958,-0.7340361218752331,1.7050479083251777,2.439084030200411,1.0141925051464464,0.03413228995045303,0.015205946615026722,0.01892634333542642,0.01892634333542642,0.0,22,1,1,0.34098172199992405
5,13,456,1.120510611815862,-0.7060055700384295,1.6706674241650687,2.3766729942034983,-0.7388021470031182,1.7002818831972926,2.439084030200411,1.0262598330309334,0.062411035996912556,0.029614459032223817,0.03279657696468874,0.03279657696468874,0.0,30,1,1,0.40982202799932566
10,2,42,1.120510611815862,-0.6902728679261118,1.6966000738194977,2.3868729417456094,-0.7231979339984135,1.7380510618293663,2.4612489958277797,1.0311604580123885,0.0743760540821703,0.04145098800986857,0.03292506607230172,0.04145098800986857,0.0,35,1,1,1.00751856900024
10,2,123,1.120510611815862,-0.6906570996042087,1.6934068468547872,2.384063946458996,-0.7271673388344663,1.7340816569933135,2.4612489958277797,1.0323754106862046,0.07718504936878379,0.04067481013852636,0.036510239230257535,0.04067481013852636,0.0,26,1,1,0.7509712460005176
10,2,456,1.120510611815862,-0.687976710131988,1.6958087221806308,2.383785432312619,-0.7217113352231793,1.7395376606046005,2.4612489958277797,1.032496030248834,0.0774635635151606,0.04372893842396963,0.033734625091191295,0.04372893842396963,0.0,29,1,1,0.8349001840006167
10,7,42,1.120510611815862,-0.619019478151846,1.6952357125629571,2.3142551907148032,-0.6569425999018139,1.7407186835945865,2.3976612834964004,1.0360401450610275,0.08340609278159716,0.04548297103162935,0.037923121749967925,0.04548297103162935,0.0,33,1,1,0.717788844000097
10,7,123,1.120510611815862,-0.6250545845804557,1.6954863910187494,2.3205409755992052,-0.6613229792329769,1.7363383042634237,2.397661283496401,1.0332337626045502,0.0771203078971956,0.0408519132446743,0.036268394652521185,0.0408519132446743,0.0,48,1,1,1.0351775700000871
10,7,456,1.120510611815862,-0.6126528961623778,1.689559898117896,2.302212794280274,-0.6567882971901315,1.740872986306269,2.397661283496401,1.0414594556390546,0.09544848921612692,0.05131308818837299,0.04413540102775371,0.05131308818837299,0.0,33,1,1,0.7175983569995878
10,13,42,1.120510611815862,-0.5939314494241281,1.6596762372447205,2.2536076866688486,-0.6404026748355399,1.7130340274207128,2.3534367022562526,1.044297424160354,0.09982901558740398,0.05335779017599229,0.0464712254114118,0.05335779017599229,0.0,30,1,1,0.5757746529998258
10,13,123,1.120510611815862,-0.5940396617298578,1.6752524481535216,2.2692921098833794,-0.6285458754984964,1.7248908267577563,2.3534367022562526,1.0370796655073187,0.0841445923728732,0.0496383786042347,0.034506213768638605,0.0496383786042347,0.0,31,1,1,0.5951376680004614
10,13,456,1.120510611815862,-0.5882248879633113,1.651567335888899,2.23979222385221,-0.6406851316546648,1.712751570601588,2.3534367022562526,1.0507388485386318,0.11364447840404246,0.06118423471268897,0.05246024369135349,0.06118423471268897,0.0,38,1,1,0.7354163919999337
20,2,42,1.120510611815862,-0.6146066774798898,1.5958608236227352,2.210467501102625,-0.7371686496387253,1.725123521652429,2.4622921712911543,1.113923715260647,0.25182467018852916,0.1292626980296938,0.12256197215883546,0.1292626980296938,0.0,50,1,1,2.5681256769994434
20,2,123,1.120510611815862,-0.5989427846174239,1.5736557621918685,2.1725985468092923,-0.7398210072203518,1.7224711640708024,2.4622921712911543,1.1333396935698543,0.289693624481862,0.14881540187893383,0.14087822260292793,0.14881540187893383,0.0,53,1,1,2.692372334000538
20,2,456,1.120510611815862,-0.6030074834985748,1.5929766279312902,2.195984111429865,-0.7284769699456347,1.7338152013455195,2.4622921712911543,1.121270485735841,0.26630805986128925,0.14083857341422923,0.1254694864470599,0.14083857341422923,0.0,63,1,1,3.228371170000173
20,7,42,1.120510611815862,-0.3217885709419412,1.5847837355991279,1.9065723065410691,-0.48312475971112373,1.9099158123137217,2.3930405720248453,1.255153326110319,0.4864682654837762,0.32513207671459377,0.16133618876918254,0.32513207671459377,0.0,69,1,1,3.4976153979996525
20,7,123,1.120510611815862,-0.3554134858107665,1.5944272291373833,1.9498407149481498,-0.5006789084169674,1.892361663607878,2.3930405720248453,1.227300544951684,0.4431998570766955,0.2979344344704946,0.1452654226062009,0.2979344344704946,0.0,74,1,1,3.7628158679999615
20,7,456,1.120510611815862,-0.31227102217211233,1.5622972421175865,1.8745682642896988,-0.4981951261407853,1.89484544588406,2.3930405720248453,1.2765822496902257,0.5184723077351465,0.33254820376647354,0.18592410396867298,0.33254820376647354,0.0,84,1,1,4.309979543999361
20,13,42,1.120510611815862,-0.5709590294545893,1.6179847250568635,2.188943754511453,-0.7174726254136325,1.7705406469414628,2.4880132723550954,1.1366273195586933,0.29906951784364244,0.15255592188459932,0.14651359595904323,0.15255592188459932,0.0,35,1,1,1.5278316809999524
20,13,123,1.120510611815862,-0.561166599665194,1.6520883372301953,2.2132549368953893,-0.6537240836938165,1.8342891886612789,2.4880132723550954,1.1241421992918355,0.27475833545970607,0.18220085143108355,0.09255748402862252,0.18220085143108355,0.0,31,1,1,1.357430346000001
20,13,456,1.120510611815862,-0.5607433238940139,1.6023857023305133,2.163129026224527,-0.7161655196067058,1.7718477527483896,2.4880132723550954,1.1501918018721302,0.3248842461305683,0.16946205041787632,0.1554221957126919,0.16946205041787632,0.0,30,1,1,1.3013666380002178
40,2,42,1.120510611815862,0.4276604761318894,1.4867986755955669,1.0591381994636775,0.27961408635654356,1.7531261035486374,1.473512017192094,1.391236779051351,0.4143738177284164,0.2663274279530705,0.14804638977534584,0.2663274279530705,0.0,95,1,1,9.31688542000029
40,2,123,1.120510611815862,0.468563915481074,1.4800456425220987,1.0114817270410246,0.30886921590257205,1.782381233094666,1.473512017192094,1.4567856025463621,0.46203029015106933,0.3023355905725673,0.15969469957850196,0.3023355905725673,0.0,91,1,1,8.95339043399963
40,2,456,1.120510611815862,0.46267970374117273,1.489110330721042,1.0264306269798693,0.293963619621366,1.76747563681346,1.4735120171920941,1.4355690277166613,0.4470813902122248,0.27836530609241805,0.1687160841198067,0.27836530609241805,0.0,91,1,1,8.934461234000082
40,7,42,1.120510611815862,0.4549276467225691,1.4429882657781936,0.9880606190556245,0.30500270845235766,1.6885526393564212,1.3835499309040635,1.4002682671701283,0.39548931184843905,0.24556437357822758,0.14992493827021142,0.24556437357822758,0.0,87,1,1,8.617509262000567
40,7,123,1.120510611815862,0.5176124357725018,1.4852813867334087,0.9676689509609069,0.3613417484366439,1.7448916793407072,1.3835499309040633,1.4297760918444078,0.4158809799431564,0.2596102926072985,0.15627068733585792,0.2596102926072985,0.0,83,1,1,8.343190362999849
40,7,456,1.120510611815862,0.5077465354830477,1.4242916650108801,0.9165451295278324,0.3209719184756541,1.7045218493797174,1.3835499309040633,1.5095273394958884,0.4670048013762309,0.2802301843688373,0.18677461700739362,0.2802301843688373,0.0,99,1,1,9.840820708000138
40,13,42,1.120510611815862,-0.4127146806255255,1.5670848030007043,1.9797994836262298,-0.6438037166236785,1.8508366854451024,2.494640402068781,1.2600470010728364,0.5148409184425511,0.2837518824443981,0.231089035998153,0.2837518824443981,0.0,50,1,1,4.051467522000166
40,13,123,1.120510611815862,-0.4114389722456835,1.5683457277798794,1.9797847000255628,-0.6476542253519593,1.8469861767168216,2.494640402068781,1.26005641019277,0.5148557020432181,0.2786404489369423,0.23621525310627578,0.2786404489369423,0.0,55,1,1,4.468140863000372
40,13,456,1.120510611815862,-0.4077067550390482,1.5623064568728315,1.9700132119118798,-0.6246318785673929,1.8700085235013881,2.494640402068781,1.2663064323552202,0.5246271901569011,0.3077020666285566,0.2169251235283447,0.3077020666285566,0.0,47,1,1,3.8397019859994543
100,2,42,1.120510611815862,0.7511234810372927,1.3695091890388902,0.6183857080015975,0.5741691222273142,1.581234182578393,1.007065060351079,1.6285387054069451,0.38867935234948137,0.21172499353950291,0.17695435880997845,0.21172499353950291,0.0,130,1,1,30.016057387999354
100,2,123,1.120510611815862,0.7694324770568899,1.3680054670282278,0.5985729899713379,0.5796759144206654,1.5867409747717443,1.007065060351079,1.6824432061314716,0.408492070379741,0.21873550774351647,0.18975656263622454,0.21873550774351647,0.0,110,1,1,25.4504227970001
100,2,456,1.120510611815862,0.7741951066456372,1.3784965713943973,0.6043014647487601,0.5962352419646102,1.603300302315689,1.007065060351079,1.6664944884251915,0.4027635956023188,0.2248037309212918,0.17795986468102698,0.2248037309212918,0.0,130,1,1,30.14325744300004
100,7,42,1.120510611815862,0.8671886879393529,1.2942161370583727,0.4270274491190198,0.7791845206500291,1.3759355531541388,0.5967510325041098,1.39745356823136,0.16972358338508997,0.08171941609576616,0.08800416728932381,0.08800416728932381,0.0,117,1,1,26.095238052999775
100,7,123,1.120510611815862,0.9079092099449866,1.318789017529505,0.41087980758451836,0.8125494622520526,1.4093004947561625,0.5967510325041099,1.452373714863945,0.18587122491959152,0.09051147722665753,0.09535974769293398,0.09535974769293398,0.0,119,1,1,26.629379381000035
100,7,456,1.120510611815862,0.880580304127193,1.2854185805984484,0.40483827647125536,0.7806789881107198,1.3774300206148296,0.5967510325041098,1.4740479524457237,0.1919127560328544,0.09201144001638117,0.09990131601647323,0.09990131601647323,0.0,111,1,1,24.73133626299932
100,13,42,1.120510611815862,0.3156536291265819,1.4106239596162053,1.0949703304896234,0.028286576684333764,1.8879723693401018,1.859685792655768,1.698389208248407,0.7647154621661445,0.47734840972389647,0.28736705244224814,0.47734840972389647,0.0,78,1,1,17.255766702000074
100,13,123,1.120510611815862,0.2529548838576491,1.3957229340014408,1.1427680501437916,-0.04498421393382557,1.8147015787219425,1.859685792655768,1.627351930622989,0.7169177425119764,0.4189786447205017,0.29793909779147465,0.4189786447205017,0.0,105,1,1,23.366278461000547
100,13,456,1.120510611815862,0.3723053464024655,1.404745173292439,1.0324398268899735,0.06198273289119566,1.9216685255469637,1.859685792655768,1.8012534427867954,0.8272459657657945,0.5169233522545247,0.31032261351126983,0.5169233522545247,0.0,88,1,1,19.636791563999395
200,2,42,1.120510611815862,0.9569235820533073,1.2596880464920797,0.30276446443877236,0.8556161430577719,1.3459285608623102,0.49031241780453827,1.6194516708340239,0.1875479533657659,0.0862405143702305,0.1013074389955354,0.1013074389955354,0.0,121,1,1,53.15695360300015
200,2,123,1.120510611815862,0.9635691127178017,1.2604960322837178,0.2969269195659161,0.8590972650240188,1.3494096828285573,0.4903124178045385,1.6512898814339125,0.1933854982386224,0.08891365054483957,0.10447184769378282,0.10447184769378282,0.0,154,1,1,67.98357166299957
200,2,456,1.120510611815862,0.9823099261475599,1.263325291515628,0.28101536536806804,0.8699869800411452,1.3602993978456834,0.49031241780453827,1.7447886422948344,0.20929705243647023,0.09697410633005554,0.11232294610641469,0.11232294610641469,0.0,142,1,1,62.545769340000334
200,7,42,1.120510611815862,0.9561496700859742,1.285368805473392,0.32921913538741787,0.8389462854428481,1.3928244636358502,0.5538781781930021,1.6823997108831794,0.22465904280558424,0.10745565816245817,0.11720338464312607,0.11720338464312607,0.0,140,1,1,60.64367299500009
200,7,123,1.120510611815862,0.9423927207950094,1.2850038866590279,0.3426111658640185,0.8286295510517904,1.3825077292447925,0.5538781781930021,1.6166378489043025,0.2112670123289836,0.09750384258576461,0.11376316974321898,0.11376316974321898,0.0,122,1,1,52.59748879600011
200,7,456,1.120510611815862,0.9397552174574285,1.2636827218256625,0.32392750436823403,0.8180338312660932,1.3719120094590953,0.5538781781930021,1.709883139664994,0.22995067382476808,0.10822928763343276,0.12172138619133532,0.12172138619133532,0.0,121,1,1,52.2680622099997
200,13,42,1.120510611815862,0.8202881700292832,1.2995872582454968,0.4792990882162136,0.6328303185926898,1.4787234920316141,0.8458931734389243,1.7648545433020704,0.36659408522271075,0.17913623378611732,0.18745785143659344,0.18745785143659344,0.0,170,1,1,70.89803297199978
200,13,123,1.120510611815862,0.8810669513518593,1.3212505667710541,0.4401836154191948,0.6768188813111167,1.5227120547500412,0.8458931734389246,1.9216825520263066,0.40570955801972974,0.2014614879789871,0.20424807004074264,0.20424807004074264,0.0,151,1,1,63.41518602500037
200,13,456,1.120510611815862,0.8884087463457574,1.3058065132992303,0.41739776695347286,0.670534095391808,1.5164272688307325,0.8458931734389246,2.0265876830462677,0.4284954064854517,0.21062075553150228,0.21787465095394942,0.21787465095394942,0.0,188,1,1,79.0143150089998
400,2,42,1.120510611815862,1.0014088982812492,1.2148563999472735,0.21344750166602422,0.8816665798422026,1.3137634813384937,0.4320969014962911,2.0243708552390647,0.21864939983026688,0.09890708139122029,0.11974231843904659,0.11974231843904659,0.0,165,1,1,140.80519973300034
400,2,123,1.120510611815862,1.0260897198452084,1.2225356422698899,0.1964459224246815,0.8987871217093265,1.3308840232056176,0.4320969014962911,2.199571750652954,0.2356509790716096,0.10834838093572774,0.12730259813588185,0.12730259813588185,0.0,196,1,1,167.69906594800068
400,2,456,1.120510611815862,1.0330324388952874,1.2150221715407508,0.18198973264546336,0.8972524936083043,1.3293493951045954,0.4320969014962911,2.374292742866241,0.25010716885082773,0.11432722356384462,0.13577994528698312,0.13577994528698312,0.0,205,1,1,175.57417110299957
400,7,42,1.120510611815862,0.9930732912721851,1.218881032456567,0.22580774118438196,0.8666970384900977,1.324643223873437,0.4579461853833392,2.028035810381744,0.23213844419895724,0.10576219141686982,0.12637625278208742,0.12637625278208742,0.0,162,1,1,137.67323861599925
400,7,123,1.120510611815862,1.0120826806193137,1.2279806613843491,0.2158979807650354,0.8800713906361549,1.3380175760194941,0.4579461853833392,2.121123058958703,0.24204820461830379,0.11003691463514498,0.1320112899831588,0.1320112899831588,0.0,176,1,1,150.45166730799974
400,7,456,1.120510611815862,1.013847952956187,1.228965008935183,0.21511705597899589,0.881000958902392,1.3389471442857312,0.4579461853833392,2.128823227424855,0.2428291294043433,0.10998213535054835,0.13284699405379496,0.13284699405379496,0.0,215,1,1,182.98890127100003
400,13,42,1.120510611815862,0.9559931693568805,1.2385627318831638,0.2825695625262833,0.789241269468336,1.3786971779535182,0.5894559084851823,2.0860559191698287,0.30688634595889897,0.1401344460703544,0.16675189988854455,0.16675189988854455,0.0,110,1,1,93.495864687
400,13,123,1.120510611815862,0.9932838888483275,1.2295513263153766,0.23626743746704904,0.7989246847559266,1.3883805932411089,0.5894559084851823,2.4948673198666684,0.3531884710181332,0.1588292669257323,0.19435920409240093,0.19435920409240093,0.0,144,1,1,123.44290944299973
400,13,456,1.120510611815862,0.9899201495101184,1.2335434946731931,0.2436233451630747,0.799094420509963,1.3885503289951453,0.5894559084851823,2.4195378652674555,0.34583256332210754,0.15500683432195217,0.19082572900015538,0.19082572900015538,0.0,133,1,1,112.90313649699965
1000,2,42,1.120510611815862,1.0384746722308407,1.18774220105148,0.14926752882063932,0.8902161959866121,1.3172293594139561,0.4270131634273441,2.860723740797273,0.27774563460670476,0.12948715836247615,0.1482584762442286,0.1482584762442286,0.0,299,1,1,640.0109362310004
1000,2,123,1.120510611815862,1.0450950611897816,1.1906606265443833,0.14556556535460174,0.8931333840000469,1.320146547427391,0.4270131634273441,2.933476487980713,0.28144759807274233,0.1294859208830077,0.15196167718973463,0.15196167718973463,0.0,313,1,1,671.4671554710003
1000,2,456,1.120510611815862,1.0435890123925589,1.1902017422449125,0.14661272985235363,0.8927858135584114,1.3197989769857554,0.4270131634273441,2.9125244708107387,0.28040043357499045,0.12959723474084295,0.1508031988341475,0.1508031988341475,0.0,239,1,1,514.6670190820005
1000,7,42,1.120510611815862,1.0168636659706825,1.185178359557124,0.16831469358644147,0.9001460187542432,1.302916340957001,0.4027703222027579,2.392959958637877,0.2344556286163164,0.11773798139987712,0.11671764721643929,0.11773798139987712,0.0,191,1,1,410.94453853699997
1000,7,123,1.120510611815862,1.053820382406923,1.1869860473804716,0.13316566497354865,0.9101137635386107,1.3128840857413686,0.4027703222027579,3.024580865366175,0.26960465722920923,0.12589803836089697,0.14370661886831226,0.14370661886831226,0.0,295,1,1,637.3664596220005
1000,7,456,1.120510611815862,1.0469760868394284,1.1859207734712887,0.13894468663186021,0.9049347193923449,1.3077050415951028,0.4027703222027579,2.89878175240997,0.26382563557089767,0.12178426812381415,0.1420413674470835,0.1420413674470835,0.0,349,1,1,752.1731582089997
1000,13,42,1.120510611815862,1.0370696412443579,1.1880814813719558,0.15101184012759794,0.8971362486624623,1.3123740101211092,0.4152377614586469,2.7497033418557804,0.26422592133104894,0.12429252874915342,0.13993339258189552,0.13993339258189552,0.0,231,1,1,499.4005315100003
1000,13,123,1.120510611815862,1.0464608828973594,1.1804441250776607,0.13398324218030133,0.8960486341510587,1.3112863956097056,0.4152377614586469,3.0991768425775303,0.28125451927834555,0.1308422705320449,0.15041224874630066,0.15041224874630066,0.0,197,1,1,426.1353114979993
1000,13,456,1.120510611815862,1.0325699041338963,1.1728530122209937,0.14028310808709743,0.8844874130712495,1.2997251745298963,0.4152377614586469,2.9599983000151284,0.27495465337154945,0.12687216230890264,0.14808249106264681,0.14808249106264681,0.0,246,1,1,532.289255615
